{
    "installed": {
        "client_id": "1064624087896-7ploefc5nvuv9qsl5irdqrm7hstsjt8u.apps.googleusercontent.com",
        "project_id": "secret-code-378604",
        "auth_uri": "https://accounts.google.com/o/oauth2/auth",
        "token_uri": "https://oauth2.googleapis.com/token",
        "auth_provider_x509_cert_url": "https://www.googleapis.com/oauth2/v1/certs",
        "client_secret": "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",
        "redirect_uris": [
            "http://localhost"
        ]
    }
}